id,first_name,last_name,email,gender,ip_address
1,Finn,Burchmore,fburchmore0@epa.gov,Male,74.20.172.212
2,Coral,Grigorey,cgrigorey1@cdc.gov,Female,151.91.212.169
3,Harold,McCormack,hmccormack2@marketwatch.com,Male,72.36.41.150
4,Thacher,Woodvine,twoodvine3@marketwatch.com,Male,66.50.122.48
5,Querida,Allmann,qallmann4@people.com.cn,Female,236.145.83.165
6,Irving,Loughman,iloughman5@globo.com,Male,19.142.188.98
7,Meghann,Vittet,mvittet6@cyberchimps.com,Female,235.59.102.124
8,Wolfgang,Mishow,wmishow7@gnu.org,Male,189.36.37.25
9,Babbie,Reide,breide8@jiathis.com,Female,129.226.63.38
10,Carson,Vowdon,cvowdon9@slashdot.org,Male,51.228.124.19
