Id,ORGANIZATION,NAME,GENDER,SPECIALITY,ADDRESS,CITY,STATE,ZIP,UTILIZATION
4f073dcc-c92a-455b-8b0c-be967da311b8,ef58ea08-d883-3957-8300-150554edc8fb,Noe500 Dibbert990,M,GENERAL PRACTICE,60 HOSPITAL ROAD,LEOMINSTER,MA,01453,362
7066c8e7-c63a-4de5-a6ed-2fe78ba2d484,69176529-fd1f-3b3f-abce-a0a3626769eb,Mariam937 Gleason633,F,GENERAL PRACTICE,330 MOUNT AUBURN STREET,CAMBRIDGE,MA,02138,334
2d6d2a74-e052-4546-8173-ac72a39b7365,5e765f2b-e908-3888-9fc7-df2cb87beb58,Dagny669 Schoen8,F,GENERAL PRACTICE,211 PARK STREET,ATTLEBORO,MA,02703,77
66ab043d-06d1-4f21-b837-2d74448feea7,f1fbcbfb-fcfa-3bd2-b7f4-df20f1b3c3a4,Tyron580 Torphy630,M,GENERAL PRACTICE,ONE GENERAL STREET,LAWRENCE,MA,01842,359
4e37e414-41b9-467f-be47-4293b6dea918,e002090d-4e92-300e-b41e-7d1f21dee4c6,Loren192 Fay398,M,GENERAL PRACTICE,1493 CAMBRIDGE STREET,CAMBRIDGE,MA,02138,7
d2ffec0b-b912-4c6f-ae29-a9b4420cd44e,ef6ab57c-ed94-3dbe-9861-812d515918b3,Stanford577 Leannon79,M,GENERAL PRACTICE,88 LEWIS BAY ROAD,HYANNIS,MA,02601,269
6781edd5-8229-46c9-b2b1-8cc32e92f7ad,49318f80-bd8b-3fc7-a096-ac43088b0c12,Antonia30 Stark857,M,GENERAL PRACTICE,30 LOCUST STREET,NORTHAMPTON,MA,01060,3243
8d0a2c5e-9394-4911-b711-4857072b866a,fbf6180e-b800-3ebe-b91d-93d0288c400e,Pandora807 Weissnat378,F,GENERAL PRACTICE,164 HIGH STREET,GREENFIELD,MA,01301,379
0f5871fe-f297-4c96-89ac-69b3b07dd8b8,8b58cdd1-3d79-3126-8fe0-da2c54d6805c,Felicitas300 Kub800,F,GENERAL PRACTICE,2100 DORCHESTER AVENUE,BOSTON,MA,02124,127
6fe4a8d7-f9a9-4383-baca-0ddae81c3bcc,4bdaa4c2-c664-3089-aee2-7137abbad27f,Rashad361 Maggio310,M,GENERAL PRACTICE,100 SOUTH STREET,SOUTHBRIDGE,MA,01550,188
430757d0-5682-43bd-a655-5b079e354738,ecc51621-0af3-3b35-ac3e-8b1e34022e92,Isaac321 Upton904,M,GENERAL PRACTICE,795 MIDDLE STREET,FALL RIVER,MA,02721,1071
fe1dd913-62c4-4c68-84c2-537d7095d12d,5d4b9df1-93ae-3bc9-b680-03249990e558,Keeley419 Yundt842,F,GENERAL PRACTICE,575 BEECH STREET,HOLYOKE,MA,01040,413
bd4442ad-1a0b-475b-9bff-e29bd8fc63b0,37b4d73f-652d-3033-a16e-d97b9e8b4cda,Annette105 Legros616,F,GENERAL PRACTICE,25 HIGHLAND AVENUE,NEWBURYPORT,MA,01950,769
8bfbd123-9c81-4a33-b892-7b131299f6e3,5844ad77-f653-3c2b-b7dd-e97576ab3b03,Avery919 Muller251,M,GENERAL PRACTICE,40 WRIGHT STREET,PALMER,MA,01069,339
0269d55b-70ee-41ec-a407-8adb913a39af,08bcda9c-f8c8-3244-82d4-fc306a7a55d3,Del587 Williamson769,M,GENERAL PRACTICE,1 BOSTON MEDICAL CENTER PLACE,BOSTON,MA,02118,326
8fc4ebca-46ea-46c5-83d6-ee1bf94d781c,37c0de84-bcaf-3624-82bf-a89b2ac441b8,Erlinda993 Franecki195,F,GENERAL PRACTICE,85 HERRICK STREET,BEVERLY,MA,01915,315
6b933b22-4e03-44dd-97c8-8cc4a4bd7856,4861d01f-019c-3dac-a153-8334e50919f9,Sharyl439 Hilpert278,F,GENERAL PRACTICE,81 HIGHLAND AVENUE,SALEM,MA,01970,1495
db62e2a0-c0d2-44d0-a834-ed0210f65e07,a0b6ec0c-e587-3b2a-bf9f-248849f29ee5,Maryjo280 Osinski784,F,GENERAL PRACTICE,736 CAMBRIDGE STREET,BRIGHTON,MA,02135,23
1fa4aceb-aad3-477d-b6bb-13791e3dbabd,f71ce1a9-cca7-3295-9a1e-c88ac3479b6f,Giovanni385 Greenfelder433,M,GENERAL PRACTICE,157 UNION STREET,MARLBOROUGH,MA,01752,379
a522bcee-94dd-4516-ada7-cc5ebbe3e1dd,c44f361c-2efb-3050-8f97-0354a12e2920,Barry322 Nicolas769,M,GENERAL PRACTICE,680 CENTER STREET,BROCKTON,MA,02302,626
cc30e112-456b-4e43-bd6d-ff56ef41cfd4,331f4c11-d298-308b-aaa1-d7825b29b57f,Janean397 Walsh511,F,GENERAL PRACTICE,201 HIGHLAND STREET,CLINTON,MA,01510,576
872a6d9f-a3b5-4a79-b13a-cc9ea457d8ca,b1ddf812-1fdd-3adf-b1d5-32cc8bd07ebb,Maricarmen445 Partida347,F,GENERAL PRACTICE,275 SANDWICH STREET,PLYMOUTH,MA,02360,554
6acd5cab-da27-4dfe-bce6-097781cac444,6be05ccf-ef94-341f-a2a3-1cf9bfde1b18,Racquel201 Hegmann834,F,GENERAL PRACTICE,107 LINCOLN STREET,WORCESTER,MA,01605,780
4a79c86d-12b5-4b18-afe6-49733bf042cc,b0e04623-b02c-3f8b-92ea-943fc4db60da,Ignacio928 Towne435,M,GENERAL PRACTICE,295 VARNUM AVENUE,LOWELL,MA,01854,7596
fe4002a8-b3ef-4bf6-af75-61f70f67699f,ebc3f5c4-6700-34af-8323-85621c313726,Cecil300 Wisozk929,F,GENERAL PRACTICE,115 WEST SILVER STREET,WESTFIELD,MA,01085,120
275d3f3b-bd6a-4a52-8faa-982464c4a81c,d692e283-0833-3201-8e55-4f868a9c0736,Lane844 Jacobi462,M,GENERAL PRACTICE,585 LEBANON STREET,MELROSE,MA,02176,1243
c9e93ceb-7326-4575-a6ee-3080466b5aa9,d78e84ec-30aa-3bba-a33a-f29a3a454662,Carol737 Weimann465,F,GENERAL PRACTICE,55 FRUIT STREET,BOSTON,MA,02114,691
9590d2b3-4fe1-49ed-9c2b-a49b7f2e08bf,8ad64ecf-c817-3753-bee7-006a8e662e06,Jonah176 Schroeder447,M,GENERAL PRACTICE,88 WASHINGTON STREET,TAUNTON,MA,02780,597
09303e37-4cbb-4fde-823a-45845629e76f,23834663-ed53-3da9-b330-d6e1ecb8428e,Miquel905 Hettinger594,M,GENERAL PRACTICE,363 HIGHLAND AVENUE,FALL RIVER,MA,02720,744
c29c5d79-af06-4d08-bda2-c69238487bd0,44bef9d3-91c2-3005-93e0-ccf436348ff0,Sara501 Angulo494,F,GENERAL PRACTICE,243 CHARLES STREET,BOSTON,MA,02114,103
b9915080-e2c6-411d-9e94-361261483b74,7fb56531-86bd-3e4a-8619-4df9942da309,Dolly486 Morissette863,F,GENERAL PRACTICE,148 CHESTNUT STREET,NEEDHAM,MA,02494,299
48f4afb8-23b2-412b-8f8f-a27f2fe4b234,03347b4d-994e-302b-848b-58019a4e274d,Samuel331 Predovic534,M,GENERAL PRACTICE,133 OLD ROAD TO 9 ACRE CORNER,W CONCORD,MA,01742,355
bd66ef35-2866-4ac6-8413-9c93709a8386,cb6a50e0-af76-3758-99ad-3200ede03fff,Macie339 Bauch723,F,GENERAL PRACTICE,330 BROOKLINE AVENUE,BOSTON,MA,02215,7
b06c4dff-601a-4fa4-8ed2-4b27f2bdd5e5,9a7149fa-49fc-3c87-b935-d29c55808717,Jeri234 Hansen121,F,GENERAL PRACTICE,125 PARKER HILL AVENUE,BOSTON,MA,02120,115
587c8200-6fad-43fd-868d-5c6aa6e457a7,24cb4eab-6166-3530-bddc-a5a8a14a4fc1,Wynell591 Olson653,F,GENERAL PRACTICE,14 PROSPECT STREET,MILFORD,MA,01757,285
de2b3eb8-b140-4552-9f73-26db906d5e41,e44f438a-601b-30fb-85eb-bfaf8ddcb5ad,Shauna908 Lindgren255,F,GENERAL PRACTICE,242 GREEN STREET,GARDNER,MA,01440,1265
4c10e8ee-299d-4d96-9e6a-633136e6bee5,ac8356a5-78f8-3a63-8a1e-59e832fd54e7,Rex53 Bode78,M,GENERAL PRACTICE,200 GROTON ROAD,AYER,MA,01432,305
143b17ac-b7be-4fc8-9c23-4174c0dbf2be,db0acede-4abe-3c01-8d03-5c68a190d8c7,Deidre679 Hoeger474,F,GENERAL PRACTICE,55 FOGG ROAD,SOUTH WEYMOUTH,MA,02190,479
957d0b6f-4e66-4306-917e-55ce2ae6df02,3d10019f-c88e-3de5-9916-6107b9c0263d,Rebecca981 Labadie908,F,GENERAL PRACTICE,2014 WASHINGTON STREET,NEWTON,MA,02462,184
b0f25740-d5fb-4066-9587-7605b855dbe7,f4e7709c-02f6-37ca-aeea-8247d74e88e7,Andre610 Schneider199,M,GENERAL PRACTICE,41 HIGHLAND AVENUE,WINCHESTER,MA,01890,752
1430238b-5330-4ec9-a73e-57afd40d1645,12c9daf5-a29c-36c9-ac55-28972463e566,Charisse42 Heathcote539,F,GENERAL PRACTICE,199 REEDSDALE ROAD,MILTON,MA,02186,428
148b686c-baf1-404d-9fb1-5efdfd19993f,27379046-608b-32f0-9df7-8c833cf5d11d,Willis868 Emard19,M,GENERAL PRACTICE,75 FRANCIS STREET,BOSTON,MA,02115,6
dc5112f0-4ab7-4ec8-a35a-746df4b26ed1,226098a2-6a40-3588-b5bb-db56c3a30a04,Cedrick207 Runte676,M,GENERAL PRACTICE,235 NORTH PEARL STREET,BROCKTON,MA,02301,934
ef3114cf-7ed4-41e4-a445-572d8eabadce,b7175ab4-bde5-3848-891b-579bccb77c7c,Georgann131 Beer512,F,GENERAL PRACTICE,800 WASHINGTON STREET,BOSTON,MA,02111,11
9494e543-157b-4679-b1a6-35b69f0e5a77,d733d4a9-080d-3593-b910-2366e652b7ea,Blake449 Deckow585,M,GENERAL PRACTICE,1153 CENTRE STREET,BOSTON,MA,02130,175
e5831733-7472-478d-8742-a440a78e70fe,3bd5eda0-16da-3ba5-8500-4dfd6ae118b8,Monica757 Kshlerin58,F,GENERAL PRACTICE,800 WASHINGTON STREET,NORWOOD,MA,02062,727
dc32cad5-2fb8-4fdb-86a4-1b8fcbbd6b3b,d5117822-5756-389d-9547-891a372d580f,Johnson679 Schmitt836,M,GENERAL PRACTICE,67 & 100 TER HEUN DRIVE,FALMOUTH,MA,02540,2793
2765c308-0231-4d59-9dd3-1438b448c00a,f99c74cc-7d1a-3f95-9a33-4a9357bf2f2a,Elroy493 Brakus656,M,GENERAL PRACTICE,55 LAKE AVENUE NORTH,WORCESTER,MA,01655,1401
bb5448dd-bcc8-4f5e-94b0-a99d4231d3a8,6f122869-a856-3d65-8db9-099bf4f5bbb8,June482 Kassulke119,F,GENERAL PRACTICE,41 & 45 MALL ROAD,BURLINGTON,MA,01803,281
79e590f6-e215-48ae-a84b-eeebe468966e,465de31f-3098-365c-af70-48a071e1f5aa,Elizbeth263 Ratke343,F,GENERAL PRACTICE,115 LINCOLN STREET,FRAMINGHAM,MA,01701,146
b918486b-d31f-46fa-a95f-26cb51fc1920,1eaf97fa-9de6-38de-a9c4-6efe5dc574be,Quentin28 Beahan375,M,GENERAL PRACTICE,123 SUMMER STREET,WORCESTER,MA,01608,243
ac24e39b-c1d5-438d-b0eb-297330393d48,956ccb85-bea0-30f9-af48-52f5dd95ff72,Waldo53 Deckow585,M,GENERAL PRACTICE,30 WARREN STREET,BRIGHTON,MA,02135,149
0c7fc39c-8a96-41f7-85d4-e44465806026,d7b11827-25f2-350b-bcd8-939fc59851b0,Levi940 Reichert620,M,GENERAL PRACTICE,300 LONGWOOD AVENUE,BOSTON,MA,02115,9
cf2a4c96-2d42-4cfc-8ae9-5c593036c951,ff9863d3-3fa3-3861-900e-f00148f5d9c2,Aubrey96 Corkery305,M,GENERAL PRACTICE,51 BLOSSOM STREET,BOSTON,MA,02114,770
dd190ce5-1aae-4712-a473-3b12eaad8fb2,5f178592-5066-33f6-8594-e6f58caca21c,Jeremy766 Feil794,F,GENERAL PRACTICE,5 INDUSTRIAL DRIVE,MASHPEE,MA,2649,17
6d895168-5b58-4158-87fb-b4b8dda40c6b,daff0685-8673-3a4a-b096-6e0c6284551d,Catalina187 Armijo730,F,GENERAL PRACTICE,289 PLEASANT STREET,FALL RIVER,MA,2721,4
6be54c48-2a59-43db-a3dc-eb1b01fe25f6,829a88e4-565e-3a38-a0a6-94ade6404a38,Malisa137 Nikolaus26,F,GENERAL PRACTICE,140 NAUSET STREET,NEW BEDFORD,MA,2746,2
81334e62-f27a-496a-8a1b-7cdff13df7e8,92819cdc-db9e-387e-8c4f-4b2b4e8b2e4f,Leanne251 Moen819,F,GENERAL PRACTICE,1230 BRIDGE STREET,LOWELL,MA,1850,809
b165f849-9cfb-4d02-97b5-e217df4db22f,0d1563c1-d56c-362e-9e3d-d74463ebbe0f,Hannah56 Pfannerstill264,F,GENERAL PRACTICE,629 PLEASANT STREET,BROCKTON,MA,2301,5
31bf3025-2344-42f8-b6d1-0eaeac4b0237,4e916854-3a59-3f17-bb16-7c406148d822,Gene733 O'Conner199,M,GENERAL PRACTICE,1399 WASHINGTON STREET,HANOVER,MA,2339,1
97789ef3-f142-4226-9228-2a560d5d0eae,7116c200-6663-3503-8314-1ee16845e5d3,Matilde468 Grady603,F,GENERAL PRACTICE,85 PARKHURST ROAD,CHELMSFORD,MA,1824,3
7d618088-8624-41e1-bdc9-898db36ceaaa,3265f387-6c51-32ee-8f6d-b2a89caa34d5,Karlyn611 Hessel84,F,GENERAL PRACTICE,151 EVERETT AVENUE,CHELSEA,MA,2150,3
89e90cfe-ee8e-4906-8fe0-8b01d5d5760b,c63d0602-724d-3d74-958a-a31b1364eaef,America446 Turner526,F,GENERAL PRACTICE,111 GROSSMAN DRIVE,BRAINTREE,MA,2184,10
a2cd868c-7a44-41b3-8ab3-0392d459e635,cbbee84d-7644-3b24-9f41-e3747f5050df,Elizabeth24 Mraz590,F,GENERAL PRACTICE,26 QUEEN STREET,WORCESTER,MA,1610,19
f014acd0-c98f-4e20-a0d1-72c787079992,f1313c7d-3148-335b-adc3-337f15567b82,Judson999 Wilkinson796,M,GENERAL PRACTICE,500 SALEM STREET,WILMINGTON,MA,1887,5
4ce8d9de-c742-45a6-810a-5f80c5aad50a,a43fb751-96fe-3496-8750-73f85651866d,Albertine688 Orn563,F,GENERAL PRACTICE,66B CONCORD STREET,WILMINGTON,MA,1887,5
42ffd6ec-6dc9-41af-a612-b2c614bb2772,eeca3319-9cbf-382e-a7ee-43986c981135,Odis959 Bosco882,M,GENERAL PRACTICE,58 TREMONT STREET,TAUNTON,MA,2780,1
7fd0b572-5b23-49c7-96cc-595e44872663,6e62e63b-c39a-3211-99d8-8b8f0f06774e,Marilu588 Urías338,F,GENERAL PRACTICE,19 TACOMA STREET,WORCESTER,MA,1605,24
d6217c95-2788-4452-b1a3-701d5d28f5b3,62fa9127-485f-3032-87cc-6576d91fec94,Paula289 Reichert620,F,GENERAL PRACTICE,1 ESSEX CENTER DRIVE,PEABODY,MA,1960,3
560b2935-d8f0-4737-b5ef-838d6d12538b,b60f8daf-0362-3c28-9b54-216e7f3e80bd,Carlota980 Heaney114,F,GENERAL PRACTICE,1 TROWBRIDGE ROAD,BUZZARDS BAY,MA,2532,1
2215070d-31d5-4be5-b727-65e1dbf5e0c8,d672f853-e2a5-324e-98fa-c6d5f8dfc255,Merle11 Powlowski563,M,GENERAL PRACTICE,9 HOPE AVENUE,WALTHAM,MA,2453,6
87739e36-9775-427c-b0ac-80967920fb2a,98d42012-384f-39d9-b210-cc654b9441f6,Brain142 Haley279,M,GENERAL PRACTICE,525 LONG POND DRIVE,HARWICH,MA,2645,1
e284438a-bedd-465d-ac0f-2985d237fedb,27f06acd-f732-3871-be87-889fef7d9010,Tiesha180 Huels583,F,GENERAL PRACTICE,489 BERNARDSTON ROAD,GREENFIELD,MA,1301,3
1d267d35-7325-456c-98c5-0b0f24791ec5,7ffe74ac-786d-3c6d-bcb9-323352f6149c,Katherine209 Ritchie586,F,GENERAL PRACTICE,140 CARANDO DRIVE,SPRINGFIELD,MA,1104,4
f070d141-959d-499b-9c63-4aef2739d37f,b06770b5-b695-3c1a-9685-ae2223966ff7,Royal919 Balistreri607,M,GENERAL PRACTICE,66 SOUTH WASHINGTON STREET,NORTH ATTLEBORO,MA,2760,16
3bdb3400-765a-4c24-934e-fae5204de13d,a9afd4c9-8443-3b5a-a486-07c3bb109b3f,Zack583 Herzog843,M,GENERAL PRACTICE,444 MONTGOMERY STREET,CHICOPEE,MA,1020,1
dbbca840-8e8e-40ed-b422-12a9612aab27,9b5f23f1-c387-3a77-9359-752d26d7f997,Maudie129 Kirlin939,F,GENERAL PRACTICE,250 PARADISE ROAD,SWAMPSCOTT,MA,1907,6
cdafca66-fbb0-4c11-968b-187c892991a9,108ccece-277a-396f-8bf2-1527f74458eb,Sergio619 Rodrígez614,M,GENERAL PRACTICE,51 LOCUST STREET,NORTHAMPTON,MA,1060,17
7543a3f5-c802-42b2-8e71-65d85c81c3a1,f7a6cc79-3075-3124-9f62-6fe562440b1d,Norman647 Bins636,M,GENERAL PRACTICE,237 STATE ROAD,NORTH DARTMOUTH,MA,2747,3
86d2cbf1-98bc-4071-a0a5-a294dff214bf,0f7f97f6-693c-3de9-8190-85feaf4632e2,Gregg522 Johns824,M,GENERAL PRACTICE,1 HARBORSIDE DRIVE,EAST BOSTON,MA,2128,8
902a6b9a-0318-4677-9760-9d9e9284350f,308b5efa-a9c2-3728-b1ff-d29c5f060731,Rubin812 Bashirian201,M,GENERAL PRACTICE,630 PLANTATION STREET,WORCESTER,MA,1605,10
dc197bcc-5f75-432a-8b86-381679933657,90cf148c-69ed-3d33-aa86-b509c6b0b25f,Isadora719 Konopelski743,F,GENERAL PRACTICE,170 GOVERNORS AVENUE,MEDFORD,MA,2155,1
d135b131-992b-44d9-b07b-260285a4162f,1aedcb45-c507-3ad0-9010-6583d264ae72,Daniella68 Roob72,F,GENERAL PRACTICE,67 GRAND ARMY OF THE REPUBLIC HIGHWAY,SOMERSET,MA,2726,3
